State,Start,End,Sequence,3,SD,30,SD,3,SD,30,SD,3,30
Apo_p110g,3,12,LENYKQPVVL,2.49,1.2,-0.45,1.4,0.16,0.1,-0.03,0.1,0.007644116,0.52139815
Apo_p110g,6,12,YKQPVVL,0.25,1.1,-0.47,1.6,0.01,0,-0.02,0.1,0.613336714,0.498177345
Apo_p110g,36,41,ELIPIE,0.65,0.5,0.66,0.5,0.02,0,0.02,0,0.073965077,0.04240248
Apo_p110g,36,42,ELIPIEF,-0.9,0.6,-0.16,1.3,-0.03,0,-0.01,0,0.025859291,0.793346603
Apo_p110g,42,58,FVLPTSQRKCKSPETAL,-0.6,1,0.35,1.7,-0.07,0.1,0.04,0.2,0.21191927,0.637653883
Apo_p110g,42,59,FVLPTSQRKCKSPETALL,-0.23,0.6,0.06,1.1,-0.03,0.1,0.01,0.1,0.449079826,0.891904711
Apo_p110g,43,59,VLPTSQRKCKSPETALL,-0.66,0.8,0.36,2,-0.08,0.1,0.04,0.2,0.122957489,0.692503428
Apo_p110g,59,69,LHVAGHGNVEQ,0.11,0.6,0.08,1.2,0.01,0,0.01,0.1,0.661862275,0.87527273
Apo_p110g,59,70,LHVAGHGNVEQM,-1.23,0.8,-0.12,0.6,-0.11,0.1,-0.01,0.1,0.020535875,0.731277969
Apo_p110g,59,74,LHVAGHGNVEQMKAQV,-0.33,0.4,0,0.8,-0.04,0.1,0,0.1,0.147757976,0.987361197
Apo_p110g,60,69,HVAGHGNVEQ,-0.43,1.3,-0.17,0.6,-0.03,0.1,-0.01,0,0.49233417,0.631481876
Apo_p110g,60,70,HVAGHGNVEQM,-0.69,1.1,-0.28,1.5,-0.06,0.1,-0.02,0.1,0.213754953,0.678149845
Apo_p110g,71,76,KAQVWL,-0.04,0.2,-0.04,0.3,0,0,0,0,0.736960989,0.807649845
Apo_p110g,77,84,RALETSVA,-1.32,1,0.39,1.2,-0.07,0.1,0.02,0.1,0.035699322,0.547146211
Apo_p110g,79,84,LETSVA,-2.29,1.4,-1.05,1.4,-0.08,0,-0.04,0.1,0.014991771,0.214888753
Apo_p110g,79,86,LETSVAAD,-1.95,0.6,-1.27,1.6,-0.11,0,-0.07,0.1,0.005765798,0.227338222
Apo_p110g,87,99,FYHRLGPHHFLLL,-0.24,0.2,0.06,0.4,-0.02,0,0.01,0,0.163608451,0.715267576
Apo_p110g,88,98,YHRLGPHHFLL,-0.19,0.3,-0.02,0.4,-0.01,0,0,0,0.31855854,0.90350101
Apo_p110g,88,99,YHRLGPHHFLLL,-0.02,0.3,-0.15,0.3,0,0,-0.01,0,0.886989319,0.239791939
Apo_p110g,100,106,YQKKGQW,-0.74,1.2,0.44,1.2,-0.03,0.1,0.02,0.1,0.221342901,0.447319124
Apo_p110g,107,113,YEIYDKY,-1.31,0.7,0.57,2.2,-0.06,0,0.03,0.1,0.052804527,0.57266799
Apo_p110g,107,118,YEIYDKYQVVQT,-0.88,0.4,0.25,0.8,-0.08,0,0.02,0.1,0.014239879,0.479173279
Apo_p110g,107,119,YEIYDKYQVVQTL,-0.42,0.4,-0.25,0.6,-0.04,0,-0.03,0.1,0.098390744,0.362844537
Apo_p110g,122,137,LRYWKATHRSPGQIHL,-0.64,0.4,0.15,1.1,-0.08,0,0.02,0.1,0.030480864,0.756298725
Apo_p110g,122,149,LRYWKATHRSPGQIHLVQRHPPSEESQA,-0.3,0.7,0.38,1,-0.06,0.1,0.08,0.2,0.362981615,0.457255121
Apo_p110g,125,137,WKATHRSPGQIHL,-0.48,0.7,2.07,1.2,-0.04,0.1,0.19,0.1,0.191462311,0.01523864
Apo_p110g,138,149,VQRHPPSEESQA,0.32,1,0.86,1.7,0.02,0.1,0.06,0.1,0.523397143,0.313803167
Apo_p110g,146,157,ESQAFQRQLTAL,-0.3,0.4,0.87,1.4,-0.03,0,0.08,0.1,0.150814933,0.226476909
Apo_p110g,150,157,FQRQLTAL,0.1,0.4,0.62,0.7,0.01,0,0.03,0,0.57505295,0.153014455
Apo_p110g,151,157,QRQLTAL,-0.09,0.6,0.38,1,0,0,0.02,0,0.756611882,0.523737113
Apo_p110g,158,164,IGYDVTD,-0.39,0.6,-0.16,0.9,-0.02,0,-0.01,0,0.264252501,0.681296145
Apo_p110g,158,172,IGYDVTDVSNVHDDE,-1.35,0.9,-0.59,1.3,-0.16,0.1,-0.07,0.2,0.031680371,0.36405066
Apo_p110g,158,173,IGYDVTDVSNVHDDEL,-1.69,1,-1.43,1.5,-0.22,0.1,-0.18,0.2,0.015781499,0.097824354
Apo_p110g,158,174,IGYDVTDVSNVHDDELE,-1.53,0.9,-0.84,1.4,-0.21,0.1,-0.12,0.2,0.017519172,0.220003519
Apo_p110g,161,172,DVTDVSNVHDDE,-0.98,1.1,1.72,1,-0.09,0.1,0.16,0.1,0.092754812,0.05282089
Apo_p110g,161,174,DVTDVSNVHDDELE,-1.44,0.9,-0.43,1.4,-0.16,0.1,-0.05,0.2,0.020065065,0.495975257
Apo_p110g,161,175,DVTDVSNVHDDELEF,-1.37,0.8,-0.77,1.2,-0.16,0.1,-0.09,0.1,0.01543957,0.201489149
Apo_p110g,165,174,VSNVHDDELE,-2.06,0.9,-0.11,1.9,-0.15,0.1,-0.01,0.1,0.021986029,0.89947989
Apo_p110g,174,182,EFTRRGLVT,-0.39,0.7,-0.12,1,-0.03,0,-0.01,0.1,0.274926976,0.816616247
Apo_p110g,174,182,EFTRRGLVT,-0.35,0.6,0.01,0.6,-0.02,0,0,0,0.218931371,0.973403484
Apo_p110g,174,187,EFTRRGLVTPRMAE,-0.3,0.8,0.22,0.6,-0.03,0.1,0.02,0.1,0.484607714,0.449045904
Apo_p110g,174,195,EFTRRGLVTPRMAEVASRDPKL,-0.12,0.5,-0.09,0.9,-0.02,0.1,-0.01,0.1,0.626182159,0.828461072
Apo_p110g,175,182,FTRRGLVT,-0.3,0.8,-0.52,1.3,-0.02,0,-0.03,0.1,0.450471986,0.379136751
Apo_p110g,176,182,TRRGLVT,-0.11,0.4,0.13,1.1,-0.01,0,0.01,0,0.575647178,0.795420888
Apo_p110g,176,185,TRRGLVTPRM,-0.5,1,-0.34,0.5,-0.03,0.1,-0.02,0,0.419903462,0.232722235
Apo_p110g,176,185,TRRGLVTPRM,-0.46,0.8,0.04,0.8,-0.03,0.1,0,0,0.231495443,0.913180512
Apo_p110g,176,195,TRRGLVTPRMAEVASRDPKL,0.02,0.4,-0.01,0.7,0,0.1,0,0.1,0.894441199,0.978789076
Apo_p110g,186,195,AEVASRDPKL,-0.13,0.7,0.4,0.7,-0.01,0,0.03,0,0.686862058,0.242594069
Apo_p110g,188,195,VASRDPKL,-0.04,0.5,0.22,0.5,0,0,0.01,0,0.843480635,0.407497159
Apo_p110g,196,211,YAMHPWVTSKPLPEYL,-0.39,0.5,-0.42,0.8,-0.04,0.1,-0.04,0.1,0.155688007,0.257486231
Apo_p110g,196,211,YAMHPWVTSKPLPEYL,-0.41,0.4,-0.28,0.7,-0.04,0,-0.03,0.1,0.080656648,0.440619916
Apo_p110g,212,218,WKKIANN,0.36,1.7,-1.24,2.1,0.02,0.1,-0.06,0.1,0.653467085,0.266742057
Apo_p110g,212,221,WKKIANNCIF,0.16,0.5,-0.18,1.3,0.01,0,-0.01,0.1,0.468456459,0.767577372
Apo_p110g,222,232,IVIHRSTTSQT,0.11,1.1,-0.37,0.4,0.01,0.1,-0.03,0,0.847229665,0.074257319
Apo_p110g,222,245,IVIHRSTTSQTIKVSPDDTPGAIL,-0.5,0.4,-0.28,0.6,-0.09,0.1,-0.05,0.1,0.048862074,0.301102866
Apo_p110g,223,233,VIHRSTTSQTI,0.09,0.9,-0.68,0.8,0.01,0.1,-0.06,0.1,0.806041099,0.112442304
Apo_p110g,232,245,TIKVSPDDTPGAIL,0.05,0.5,-0.23,0.4,0,0,-0.02,0,0.831158493,0.24502012
Apo_p110g,233,245,IKVSPDDTPGAIL,0.15,0.5,0.14,0.7,0.01,0,0.01,0.1,0.45838526,0.682488842
Apo_p110g,233,245,IKVSPDDTPGAIL,-0.22,0.5,0.28,0.4,-0.02,0,0.02,0,0.365738981,0.17315132
Apo_p110g,248,269,FFTKMAKKKSLMDIPESQSEQD,-0.33,1,0.24,1.9,-0.06,0.2,0.04,0.3,0.477928085,0.770063289
Apo_p110g,249,269,FTKMAKKKSLMDIPESQSEQD,-0.49,1.6,0.6,2.3,-0.08,0.3,0.1,0.4,0.496263359,0.571339667
Apo_p110g,249,269,FTKMAKKKSLMDIPESQSEQD,-0.19,1.5,0.04,2.4,-0.03,0.3,0.01,0.4,0.773800674,0.965700545
Apo_p110g,270,278,FVLRVCGRD,-1.56,0.6,-1.64,0.9,-0.1,0,-0.1,0.1,0.003618359,0.013967354
Apo_p110g,270,281,FVLRVCGRDEYL,-0.84,0.4,-0.91,0.4,-0.08,0,-0.08,0,0.030616496,0.007352401
Apo_p110g,282,291,VGETPIKNFQ,-0.17,0.2,-0.25,0.7,-0.01,0,-0.02,0,0.116827125,0.502362129
Apo_p110g,282,307,VGETPIKNFQWVRHCLKNGEEIHVVL,-0.25,0.5,0.19,0.6,-0.05,0.1,0.04,0.1,0.340375423,0.529057587
Apo_p110g,292,302,WVRHCLKNGEE,-0.42,0.4,0.81,0.8,-0.03,0,0.07,0.1,0.08260915,0.066987858
Apo_p110g,292,307,WVRHCLKNGEEIHVVL,-0.31,0.6,-0.19,1.2,-0.04,0.1,-0.02,0.2,0.406034973,0.723199493
Apo_p110g,308,315,DTPPDPAL,-0.51,1.4,-0.1,1,-0.01,0,0,0,0.430343464,0.809883486
Apo_p110g,308,317,DTPPDPALDE,-1.07,1.4,-1.27,1.8,-0.05,0.1,-0.06,0.1,0.16292296,0.168095779
Apo_p110g,316,335,DEVRKEEWPLVDDCTGVTGY,0.03,1,0.4,1.7,0,0.2,0.06,0.3,0.947680905,0.596596539
Apo_p110g,316,335,DEVRKEEWPLVDDCTGVTGY,0.24,0.6,0.43,1.8,0.04,0.1,0.07,0.3,0.429905655,0.586352172
Apo_p110g,316,339,DEVRKEEWPLVDDCTGVTGYHEQL,0.45,0.6,0.54,2,0.09,0.1,0.1,0.4,0.145183529,0.552185216
Apo_p110g,317,335,EVRKEEWPLVDDCTGVTGY,1.03,0.6,0.36,2,0.15,0.1,0.05,0.3,0.016959652,0.708436223
Apo_p110g,328,339,DCTGVTGYHEQL,-0.49,1.3,1.24,1.7,-0.04,0.1,0.11,0.2,0.533362143,0.170566687
Apo_p110g,336,350,HEQLTIHGKDHESVF,-1.22,1.1,0.29,2.1,-0.15,0.1,0.03,0.3,0.062737367,0.769566436
Apo_p110g,336,350,HEQLTIHGKDHESVF,-1.02,1.1,0.3,2.2,-0.12,0.1,0.04,0.3,0.091565882,0.766140322
Apo_p110g,340,350,TIHGKDHESVF,-0.4,1.1,0.35,1.6,-0.03,0.1,0.03,0.1,0.40134823,0.609032861
Apo_p110g,355,379,WDCDRKFRVKIRGIDIPVLPRNTDL,0.34,0.2,-0.03,0.6,0.07,0,0,0.1,0.010888693,0.919037847
Apo_p110g,362,379,RVKIRGIDIPVLPRNTDL,-0.02,0.4,-0.22,0.5,0,0,-0.03,0.1,0.91453043,0.356371352
Apo_p110g,370,379,IPVLPRNTDL,-0.65,1.9,0.03,1.2,-0.04,0.1,0,0.1,0.512480172,0.952662798
Apo_p110g,370,381,IPVLPRNTDLTV,-0.13,1.1,0.46,1,-0.01,0.1,0.04,0.1,0.803152882,0.375144053
Apo_p110g,382,394,FVEANIQHGQQVL,0.36,0.3,0.41,0.7,0.04,0,0.04,0.1,0.06299366,0.270344292
Apo_p110g,383,394,VEANIQHGQQVL,-0.01,0.7,0.83,1,0,0.1,0.08,0.1,0.962197392,0.118844777
Apo_p110g,386,394,NIQHGQQVL,-0.05,0.9,0.98,0.9,0,0.1,0.06,0.1,0.906371877,0.139730318
Apo_p110g,395,407,CQRRTSPKPFTEE,-0.09,0.5,-0.22,1.1,-0.01,0,-0.02,0.1,0.712319194,0.639477122
Apo_p110g,395,407,CQRRTSPKPFTEE,-0.2,0.6,-0.19,0.9,-0.02,0,-0.02,0.1,0.460680385,0.638552581
Apo_p110g,417,428,SIKIKDLPKGAL,-2.96,0.2,-7.12,1.2,-0.24,0,-0.59,0.1,0.001293843,0.000674289
Apo_p110g,417,431,SIKIKDLPKGALLNL,-2.14,0.4,-4.48,0.7,-0.24,0,-0.49,0.1,0.004277115,0.002223166
Apo_p110g,461,466,LYYVNL,0.53,0.8,0.68,0.9,0.02,0,0.02,0,0.17753144,0.202901954
Apo_p110g,463,468,YVNLLL,0.37,1,-0.44,0.7,0.01,0,-0.02,0,0.498887096,0.288072851
Apo_p110g,466,474,LLLIDHRFL,-0.2,0.6,-1.36,0.4,-0.01,0,-0.09,0,0.479567585,0.00163658
Apo_p110g,467,475,LLIDHRFLL,-0.31,0.5,-1.78,0.8,-0.02,0,-0.11,0.1,0.241461389,0.022050804
Apo_p110g,467,479,LLIDHRFLLRRGE,-1,0.4,-1.17,0.8,-0.1,0,-0.12,0.1,0.008853316,0.049722658
Apo_p110g,467,480,LLIDHRFLLRRGEY,-0.93,0.1,-1.18,0.6,-0.1,0,-0.13,0.1,0.001381756,0.01015701
Apo_p110g,468,480,LIDHRFLLRRGEY,-0.8,0.7,-1.38,1,-0.08,0.1,-0.14,0.1,0.083416797,0.050984192
Apo_p110g,485,497,WQISGKGEDQGSF,-1.02,0.4,-0.7,1.7,-0.1,0,-0.07,0.2,0.031207057,0.362946107
Apo_p110g,498,513,NADKLTSATNPDKENS,-3.13,0.9,-4.89,1.7,-0.37,0.1,-0.58,0.2,0.001194966,0.002055672
Apo_p110g,498,515,NADKLTSATNPDKENSMS,-2.81,0.6,-2.16,0.8,-0.39,0.1,-0.3,0.1,0.001217643,0.008560704
Apo_p110g,500,515,DKLTSATNPDKENSMS,-1,0.5,-0.08,1.1,-0.12,0.1,-0.01,0.1,0.048113317,0.885812785
Apo_p110g,514,519,MSISIL,0.34,0.8,0.4,1.7,0.01,0,0.01,0.1,0.344176657,0.627240859
Apo_p110g,520,529,LDNYCHPIAL,-7.6,1.6,-3.19,1.1,-0.49,0.1,-0.2,0.1,0.000964358,0.010238131
Apo_p110g,520,551,LDNYCHPIALPKHQPTPDPEGDRVRAEMPNQL,-3.65,1.1,-1.07,0.9,-0.8,0.2,-0.24,0.2,0.009234171,0.050383391
Apo_p110g,520,556,LDNYCHPIALPKHQPTPDPEGDRVRAEMPNQLRKQLE,-8.01,1.6,-3.63,1.2,-2.12,0.4,-0.96,0.3,0.000245027,0.004421972
Apo_p110g,523,551,YCHPIALPKHQPTPDPEGDRVRAEMPNQL,-3.49,1.3,-0.96,1.5,-0.67,0.2,-0.18,0.3,0.019878236,0.196906664
Apo_p110g,557,573,AIIATDPLNPLTAEDKE,-17.17,1.4,-14.42,1.7,-2.04,0.2,-1.71,0.2,5.75E-05,0.000121849
Apo_p110g,557,578,AIIATDPLNPLTAEDKELLWHF,-24.12,1.7,-18.16,0.8,-3.97,0.3,-2.99,0.1,2.09E-05,7.81E-06
Apo_p110g,557,580,AIIATDPLNPLTAEDKELLWHFRY,-24.59,1.1,-15.25,1.3,-4.5,0.2,-2.79,0.2,0.000405679,4.27E-05
Apo_p110g,558,569,IIATDPLNPLTA,-20.37,2,-12.9,1.5,-1.49,0.1,-0.94,0.1,1.57E-05,0.000711814
Apo_p110g,558,570,IIATDPLNPLTAE,-18.24,1,-12.39,1.8,-1.5,0.1,-1.02,0.1,0.000137613,0.000105491
Apo_p110g,558,571,IIATDPLNPLTAED,-18.41,2.2,-10.91,2,-1.69,0.2,-1,0.2,3.56E-05,0.000395478
Apo_p110g,558,573,IIATDPLNPLTAEDKE,-19.78,1.5,-11.81,1.6,-2.17,0.2,-1.3,0.2,8.04E-05,0.000110046
Apo_p110g,558,578,IIATDPLNPLTAEDKELLWHF,-14.61,1.7,-14.44,1.2,-2.27,0.3,-2.25,0.2,9.48E-05,5.60E-05
Apo_p110g,574,578,LLWHF,-15.31,1.9,-16.99,1.8,-0.42,0.1,-0.47,0,3.50E-05,2.17E-05
Apo_p110g,574,592,LLWHFRYESLKHPKAYPKL,-18.23,0.8,-8.76,1.6,-2.5,0.1,-1.2,0.2,1.99E-06,0.003949678
Apo_p110g,579,592,RYESLKHPKAYPKL,-25.17,1.6,-13.73,1.5,-2.3,0.1,-1.26,0.1,1.40E-05,5.97E-05
Apo_p110g,593,601,FSSVKWGQQ,-40.33,1.5,-17.75,2.4,-2.58,0.1,-1.14,0.2,0.000102571,0.000606752
Apo_p110g,593,607,FSSVKWGQQEIVAKT,-42.86,1.7,-22.72,1,-5.1,0.2,-2.7,0.1,0.000113719,1.65E-06
Apo_p110g,602,607,EIVAKT,-35.38,2.3,-31.21,1.7,-1.3,0.1,-1.14,0.1,7.15E-06,0.000525656
Apo_p110g,606,611,KTYQLL,-24.19,1.5,-28.02,1.8,-0.89,0.1,-1.03,0.1,8.37E-05,2.78E-05
Apo_p110g,611,622,LARREVWDQSAL,3.02,1.2,1.86,1,0.28,0.1,0.17,0.1,0.003242265,0.045404409
Apo_p110g,612,622,ARREVWDQSAL,3.51,0.9,0.63,1.1,0.29,0.1,0.05,0.1,0.008030983,0.273099125
Apo_p110g,623,630,DVGLTMQL,-14.74,1.4,-21.79,3.3,-0.81,0.1,-1.2,0.2,0.000430088,0.000100793
Apo_p110g,631,635,LDCNF,-16.77,2.1,-19.92,2.4,-0.46,0.1,-0.55,0.1,5.05E-05,4.62E-05
Apo_p110g,636,642,SDENVRA,-9.13,0.9,-19.95,2.3,-0.42,0,-0.91,0.1,8.88E-05,3.18E-05
Apo_p110g,643,654,IAVQKLESLEDD,-1.14,0.5,-3.72,1.2,-0.1,0,-0.34,0.1,0.024394456,0.010657593
Apo_p110g,643,657,IAVQKLESLEDDDVL,-0.26,0.5,-2.73,1.5,-0.03,0.1,-0.32,0.2,0.347853786,0.011264444
Apo_p110g,643,662,IAVQKLESLEDDDVLHYLLQ,-0.48,0.3,-2.55,1,-0.08,0.1,-0.42,0.2,0.020411535,0.004161652
Apo_p110g,643,663,IAVQKLESLEDDDVLHYLLQL,-0.52,0.3,-2.4,0.7,-0.09,0.1,-0.42,0.1,0.015174993,0.00135678
Apo_p110g,654,662,DDVLHYLLQ,-0.23,0.7,-2.1,1.1,-0.02,0,-0.13,0.1,0.468382084,0.028451866
Apo_p110g,658,663,HYLLQL,0.01,0.9,-1.16,0.6,0,0,-0.04,0,0.982207493,0.010749116
Apo_p110g,663,677,LVQAVKFEPYHDSAL,-2.64,0.4,-0.88,0.5,-0.29,0,-0.1,0.1,0.000127651,0.021682764
Apo_p110g,664,677,VQAVKFEPYHDSAL,-2.93,0.4,-1.1,0.5,-0.3,0,-0.11,0.1,8.62E-05,0.006628097
Apo_p110g,666,677,AVKFEPYHDSAL,-3.56,0.5,-1.18,0.4,-0.29,0,-0.1,0,0.000116509,0.003056961
Apo_p110g,666,677,AVKFEPYHDSAL,-3.48,0.3,-1.33,0.5,-0.29,0,-0.11,0,0.001303729,0.005547547
Apo_p110g,681,697,LLKRGLRNKRIGHFLFW,0.07,0.1,0.05,0.2,0.01,0,0.01,0,0.33544005,0.52420887
Apo_p110g,681,697,LLKRGLRNKRIGHFLFW,-0.04,0.1,0,0.1,-0.01,0,0,0,0.459680969,0.902176112
Apo_p110g,697,713,WFLRSEIAQSRHYQQRF,-0.57,0.2,-1.98,0.4,-0.08,0,-0.27,0,0.00257858,0.000204974
Apo_p110g,698,713,FLRSEIAQSRHYQQRF,-0.75,0.2,-2.4,0.8,-0.1,0,-0.31,0.1,0.000991239,0.004738938
Apo_p110g,700,713,RSEIAQSRHYQQRF,-0.48,0.2,-2.39,0.6,-0.05,0,-0.26,0.1,0.008411731,0.004423074
Apo_p110g,714,718,AVILE,2.77,1.8,-0.47,1.3,0.08,0.1,-0.01,0,0.026458722,0.550171334
Apo_p110g,714,719,AVILEA,0.08,0.5,0.11,0.1,0,0,0,0,0.713422133,0.234550023
Apo_p110g,720,729,YLRGCGTAML,0.22,0.5,0.24,0.2,0.02,0,0.02,0,0.364222187,0.054029513
Apo_p110g,720,731,YLRGCGTAMLHD,0.25,0.6,0.31,0.7,0.02,0.1,0.03,0.1,0.44890544,0.377188877
Apo_p110g,730,737,HDFTQQVQ,-0.27,0.3,-0.24,0.4,-0.01,0,-0.01,0,0.168091768,0.236270834
Apo_p110g,730,738,HDFTQQVQV,0.21,0.5,-0.52,0.4,0.01,0,-0.03,0,0.348087545,0.033790177
Apo_p110g,732,737,FTQQVQ,0.32,1.2,-0.15,1.4,0.01,0,-0.01,0,0.638248289,0.834507501
Apo_p110g,748,767,DIKSLSAEKYDVSSQVISQL,1.73,1.4,0.62,0.8,0.29,0.2,0.1,0.1,0.081761964,0.192744023
Apo_p110g,748,782,DIKSLSAEKYDVSSQVISQLKQKLENLQNSQLPES,-1.85,0.9,-0.87,0.9,-0.54,0.3,-0.25,0.3,0.013205424,0.097596237
Apo_p110g,755,782,EKYDVSSQVISQLKQKLENLQNSQLPES,-2.19,1.1,-0.7,0.7,-0.5,0.3,-0.16,0.2,0.009463321,0.078174462
Apo_p110g,755,782,EKYDVSSQVISQLKQKLENLQNSQLPES,-2.08,0.7,-1.38,0.8,-0.48,0.2,-0.32,0.2,0.001896584,0.016348869
Apo_p110g,762,782,QVISQLKQKLENLQNSQLPES,-3.09,0.9,-2.01,0.7,-0.51,0.1,-0.33,0.1,0.001131483,0.022745768
Apo_p110g,767,782,LKQKLENLQNSQLPES,-3.35,1,-2.37,1,-0.4,0.1,-0.28,0.1,0.006571113,0.014561601
Apo_p110g,768,782,KQKLENLQNSQLPES,-4.42,2,-2.46,1,-0.49,0.2,-0.27,0.1,0.026487991,0.004087042
Apo_p110g,783,796,FRVPYDPGLKAGAL,-0.23,0.4,-0.5,1.3,-0.02,0,-0.05,0.1,0.309735836,0.453180422
Apo_p110g,797,812,AIEKCKVMASKKKPLW,-2.58,1.5,-1.63,1.3,-0.31,0.2,-0.19,0.2,0.06495179,0.041417902
Apo_p110g,797,813,AIEKCKVMASKKKPLWL,-1.82,0.4,-1.83,1.2,-0.23,0.1,-0.23,0.2,0.01187901,0.024590088
Apo_p110g,797,815,AIEKCKVMASKKKPLWLEF,-1.7,0.4,-1.75,0.4,-0.25,0.1,-0.26,0.1,0.005020539,0.000703974
Apo_p110g,800,812,KCKVMASKKKPLW,-2.22,1.5,-2.77,0.8,-0.2,0.1,-0.25,0.1,0.027066898,0.001177961
Apo_p110g,802,815,KVMASKKKPLWLEF,-2.06,0.6,-2.39,0.4,-0.21,0.1,-0.24,0,0.014845931,0.004176506
Apo_p110g,814,823,EFKCADPTAL,-4.13,0.5,-3.42,2.3,-0.26,0,-0.22,0.1,0.000670256,0.024754399
Apo_p110g,814,842,EFKCADPTALSNETIGIIFKHGDDLRQDM,-2.1,0.3,-3.25,1.1,-0.5,0.1,-0.77,0.3,0.000121641,0.009762105
Apo_p110g,816,823,KCADPTAL,-7.24,1.9,-3.68,1.4,-0.33,0.1,-0.17,0.1,0.005136486,0.012126536
Apo_p110g,816,825,KCADPTALSN,-4.03,0.9,-2.49,1.3,-0.26,0.1,-0.16,0.1,0.000448703,0.024521791
Apo_p110g,816,838,KCADPTALSNETIGIIFKHGDDL,-1.19,0.4,-6.01,2.5,-0.22,0.1,-1.1,0.5,0.001820064,0.007777613
Apo_p110g,816,842,KCADPTALSNETIGIIFKHGDDLRQDM,-2.61,1.2,-2.15,1.2,-0.57,0.3,-0.47,0.3,0.025068044,0.025348274
Apo_p110g,816,843,KCADPTALSNETIGIIFKHGDDLRQDML,-1.62,0.4,-2.06,0.9,-0.37,0.1,-0.47,0.2,0.001040319,0.01659822
Apo_p110g,824,829,SNETIG,-2.49,1.5,-0.81,1.6,-0.09,0.1,-0.03,0.1,0.019828325,0.302511065
Apo_p110g,824,842,SNETIGIIFKHGDDLRQDM,-2.13,0.7,-5.53,1.4,-0.33,0.1,-0.86,0.2,0.001612867,0.0106383
Apo_p110g,830,842,IIFKHGDDLRQDM,-2.63,1.1,-4.67,0.3,-0.26,0.1,-0.47,0,0.004731185,0.000127934
Apo_p110g,844,848,ILQIL,-0.06,0.4,0.09,0.6,0,0,0,0,0.708990968,0.708434293
Apo_p110g,849,855,RIMESIW,-0.48,0.6,-1.95,1,-0.02,0,-0.09,0,0.134265345,0.052677059
Apo_p110g,849,860,RIMESIWETESL,-2.97,1.9,-2.81,0.4,-0.27,0.2,-0.26,0,0.073485679,8.02E-05
Apo_p110g,853,861,SIWETESLD,-4.22,0.6,-16.75,1.4,-0.27,0,-1.07,0.1,4.84E-05,0.000484425
Apo_p110g,853,862,SIWETESLDL,-3.36,1.2,-12.73,0.7,-0.25,0.1,-0.93,0.1,0.01155904,0.000157591
Apo_p110g,862,869,LCLLPYGC,-4.51,1.1,-6.49,0.7,-0.21,0.1,-0.3,0,0.006054907,0.003013951
Apo_p110g,862,878,LCLLPYGCISTGDKIGM,-6.5,0.6,-9.01,0.9,-0.83,0.1,-1.15,0.1,0.000396973,0.00044936
Apo_p110g,863,880,CLLPYGCISTGDKIGMIE,-0.92,0.8,-2.15,0.3,-0.13,0.1,-0.29,0,0.089510085,0.002412207
Apo_p110g,870,878,ISTGDKIGM,-8.17,0.9,-10.32,1.1,-0.52,0.1,-0.66,0.1,5.94E-05,1.84E-05
Apo_p110g,879,887,IEIVKDATT,-5.39,1.1,-3.15,1.2,-0.35,0.1,-0.2,0.1,0.000624302,0.007103596
Apo_p110g,879,901,IEIVKDATTIAKIQQSTVGNTGA,-2.78,0.8,-3.79,0.7,-0.53,0.2,-0.73,0.1,0.008087163,0.000184565
Apo_p110g,880,888,EIVKDATTI,-6.63,0.9,-3.01,1.1,-0.43,0.1,-0.19,0.1,6.68E-05,0.011696917
Apo_p110g,888,901,IAKIQQSTVGNTGA,-5.13,1.6,-5.22,1,-0.56,0.2,-0.57,0.1,0.002979365,0.000413195
Apo_p110g,888,902,IAKIQQSTVGNTGAF,-6.16,1.2,-5.25,2,-0.73,0.1,-0.62,0.2,0.000246168,0.004497961
Apo_p110g,888,907,IAKIQQSTVGNTGAFKDEVL,-6.97,0.6,-5.8,0.6,-1.15,0.1,-0.95,0.1,0.000114427,3.35E-05
Apo_p110g,888,910,IAKIQQSTVGNTGAFKDEVLNHW,-7.64,1,-7.59,1.2,-1.47,0.2,-1.46,0.2,4.67E-05,0.000509284
Apo_p110g,902,910,FKDEVLNHW,-8.67,1.1,-12.39,0.5,-0.56,0.1,-0.79,0,0.003531135,3.25E-05
Apo_p110g,902,924,FKDEVLNHWLKEKSPTEEKFQAA,-2.31,1.2,-15.9,1,-0.42,0.2,-2.91,0.2,0.01479103,0.001088409
Apo_p110g,925,934,VERFVYSCAG,-0.94,0.6,-13.84,1.1,-0.07,0,-1.01,0.1,0.019236572,0.00109111
Apo_p110g,927,934,RFVYSCAG,-6.63,0.7,-9.88,1.1,-0.36,0,-0.54,0.1,0.000524234,0.003548605
Apo_p110g,935,939,YCVAT,-1.19,1,-7.86,0.3,-0.03,0,-0.22,0,0.1266149,5.27E-07
Apo_p110g,940,953,FVLGIGDRHNDNIM,-4.88,0.3,-6.44,0.9,-0.54,0,-0.71,0.1,0.000479345,0.002008408
Apo_p110g,954,960,ITETGNL,-13.72,1.2,-12.27,1.3,-0.63,0.1,-0.56,0.1,0.000120496,0.001353609
Apo_p110g,954,961,ITETGNLF,-9.75,1.7,-10.38,0.7,-0.54,0.1,-0.57,0,0.000145109,2.06E-05
Apo_p110g,961,972,FHIDFGHILGNY,1.79,0.4,-0.4,1.1,0.16,0,-0.04,0.1,0.000444766,0.416292073
Apo_p110g,961,975,FHIDFGHILGNYKSF,2.01,0.8,0.77,1,0.24,0.1,0.09,0.1,0.013668084,0.153465023
Apo_p110g,962,975,HIDFGHILGNYKSF,5.07,0.5,1.01,0.7,0.56,0.1,0.11,0.1,1.25E-05,0.024127235
Apo_p110g,973,979,KSFLGIN,-3.37,1.7,-1.95,1.2,-0.15,0.1,-0.09,0.1,0.021381165,0.01689143
Apo_p110g,993,1014,FVMGTSGKKTSPHFQKFQDICV,-4.56,0.4,-6.43,0.4,-0.79,0.1,-1.12,0.1,0.00118784,1.41E-05
Apo_p110g,993,1014,FVMGTSGKKTSPHFQKFQDICV,-4.71,0.5,-6.96,0.4,-0.82,0.1,-1.21,0.1,0.002193574,0.000302251
Apo_p110g,1035,1042,LMTGMPQL,-7.73,1.4,-8.42,1.3,-0.35,0.1,-0.39,0.1,0.000233127,0.001472362
Apo_p110g,1035,1050,LMTGMPQLTSKEDIEY,-5.6,1.1,-8.02,1.5,-0.67,0.1,-0.95,0.2,0.000337465,0.002116188
Apo_p110g,1036,1049,MTGMPQLTSKEDIE,-6.37,1.8,-6.5,0.5,-0.64,0.2,-0.65,0.1,0.008831287,6.40E-05
Apo_p110g,1050,1071,YIRDALTVGKNEEDAKKYFLDQ,-17.42,1.5,-28.51,0.7,-3.19,0.3,-5.22,0.1,0.001998606,1.32E-06
Apo_p110g,1051,1071,IRDALTVGKNEEDAKKYFLDQ,-14.12,0.9,-24.01,0.8,-2.46,0.2,-4.17,0.1,0.000267582,1.17E-05
Apo_p110g,1072,1084,IEVCRDKGWTVQF,-9.17,0.7,-10.67,1.1,-0.92,0.1,-1.07,0.1,7.91E-06,3.74E-05
Apo_p110g,1074,1084,VCRDKGWTVQF,-5.41,0.6,-7.76,1.3,-0.45,0.1,-0.64,0.1,7.95E-05,0.003382332
Apo_p110g,1088,1092,LHLVL,9.84,2.2,23.56,1.7,0.27,0.1,0.65,0,0.005142482,6.90E-06
p110g,954,992,ITETGNLFHIDFGHILGNYKSFLGINKERVPFVLTPDFL,1.1,0.9,-2.12,0.6,0.39,0.3,-0.74,0.2,0.036193345,0.002635431
p110g,961,992,FHIDFGHILGNYKSFLGINKERVPFVLTPDFL,2.19,1,-2.01,0.9,0.61,0.3,-0.56,0.3,0.034143482,0.006036653
p110g,973,992,KSFLGINKERVPFVLTPDFL,-0.81,1.1,-5.26,1.7,-0.13,0.2,-0.84,0.3,0.252474794,0.023258218
p110g,976,992,LGINKERVPFVLTPDFL,-2.03,0.2,-9.76,0.6,-0.26,0,-1.27,0.1,1.62E-05,3.69E-05
p110g,980,992,KERVPFVLTPDFL,-5.87,1,-14.54,1.2,-0.53,0.1,-1.31,0.1,0.005461014,0.000106688